<?xml version="1.0" encoding="UTF-8"?>
<project-private xmlns="http://www.netbeans.org/ns/project-private/1">
    <editor-bookmarks xmlns="http://www.netbeans.org/ns/editor-bookmarks/2" lastBookmarkId="0"/>
    <open-files xmlns="http://www.netbeans.org/ns/projectui-open-files/2">
        <group>
            <file>file:/C:/Users/vighnesh/Documents/NetBeansProjects/bankmangmentgui/src/Frame2.java</file>
            <file>file:/C:/Users/vighnesh/Documents/NetBeansProjects/bankmangmentgui/src/Frame3.java</file>
            <file>file:/C:/Users/vighnesh/Documents/NetBeansProjects/bankmangmentgui/src/Frame1.java</file>
            <file>file:/C:/Users/vighnesh/Documents/NetBeansProjects/bankmangmentgui/src/jScrollPane1.java</file>
            <file>file:/C:/Users/vighnesh/Documents/NetBeansProjects/bankmangmentgui/src/jTextField5.java</file>
            <file>file:/C:/Users/vighnesh/Documents/NetBeansProjects/bankmangmentgui/src/Frame4.java</file>
            <file>file:/C:/Users/vighnesh/Documents/NetBeansProjects/bankmangmentgui/src/Frame7.java</file>
            <file>file:/C:/Users/vighnesh/Documents/NetBeansProjects/bankmangmentgui/src/Frame9.java</file>
            <file>file:/C:/Users/vighnesh/Documents/NetBeansProjects/bankmangmentgui/src/Frame8.java</file>
        </group>
    </open-files>
</project-private>
